lat	lon	types	matches	variants	geo_id	geowkt	geo_source	title_source	end	title	id	start
26.185099	31.917622		gn:361885;pl:756512;loc:sh91004865;tgn:6000031;wd:Q192268;viaf:35144648232849371610;bnf:16014840m	Abydos				Obert's Violence on Crete	-375.0	Abydos Egypt	1	-400
35.22991667	23.96019444		wd:Q393610;gn:264164			MULTIPOINT (23.960194444444 35.229916666667)		Obert's Violence on Crete		Agia Roumeli	2	-724
35.32	25.2		pl:524143100					Obert's Violence on Crete	-675.0	Amnisos/ Knossos	3	-790
35.28779845	25.55892947	urban; mortuary	pl:710571959					Obert's Violence on Crete	-600.0	Anavlochos	4	-850
35.8648	23.30814	military fortification	loc:sh2003002671;viaf:240344286;pl:560230;bnf:119496297;wd:Q213730;gn:265080					Obert's Violence on Crete		Antikythera	5	-724
35.102226	25.340768	urban sanctuary; mortuary/sanctuary; mortuary; urban; domestic	pl:589752					Obert's Violence on Crete	-450.0	Aphrati	6	-1000
35.446	24.238		pl:589809					Obert's Violence on Crete		Apokoronas	7	-724
35.46266237	24.14139733	military fortification; urban	wd:Q622234;wd:Q21774021;pl:589704;viaf:238165181;gn:264725					Obert's Violence on Crete	-150.0	Aptera	8	-400
35.371092	24.472901		pl:590028					Obert's Violence on Crete	0.0	Arsinoe (Rethymno)	9	-300
35.3080415	24.8441326	urban sanctuary	pl:590095;wd:Q9489941;wd:Q2008641					Obert's Violence on Crete	-500.0	Axos	10	-700
35.118	25.866722	urban sanctuary	wd:Q4832857;pl:180252821					Obert's Violence on Crete		Azoria	11	-724
35.316667	25.39		wd:Q5092564;gn:260001;wd:Q1018106					Obert's Violence on Crete	-100.0	Chersonesos	12	-200
								Obert's Violence on Crete	-625.0	Datala	13	-675
38.482289	22.501169	mainland sanctuary	viaf:159033290;bnf:12010656x;gnd:4011390-5;wd:Q75459;loc:n85048705;gn:263219;pl:540726					Obert's Violence on Crete	-550.0	Delphi	14	-700
35.165365	25.428883	extra-urban sanctuary	pl:589675					Obert's Violence on Crete	-600.0	Dikti	15	-900
35.256232	25.629044	urban sanctuary; mortuary; urban	pl:589767;viaf:315168763;wd:Q5306985;loc:sh2013000071					Obert's Violence on Crete	-500.0	Dreros	16	-850
35.318405	25.21053	extra-urban sanctuary	pl:589769					Obert's Violence on Crete	-500.0	Eileithyia	17	-600
35.33310949	24.67291331	mortuary; urban	wd:Q1328347;viaf:315170140;gnd:4457343-1;viaf:244273822;bnf:15058763n;pl:589772;gn:7701624;loc:sh92004025					Obert's Violence on Crete	-400.0	Eleutherna	18	-900
35.2384257	25.1853171		pl:589774;wd:Q17994307;viaf:316477072					Obert's Violence on Crete	-475.0	Eltynia	19	-525
35.283178	23.794048		pl:589775;wd:Q3561249					Obert's Violence on Crete	-200.0	Elyros	20	-300
35.062107	24.946943	urban sanctuary	bnf:123358093;gnd:4093792-6;wd:Q1136193;viaf:315170067;pl:589796;gn:261975					Obert's Violence on Crete	-50.0	Gortyn	21	-1200
35.2082103	24.8289925	extra-urban sanctuary	viaf:315167919;gnd:4543732-4;loc:sh2011004532;wd:Q935991;pl:589817					Obert's Violence on Crete	0.0	Ida	22	-750
35.118566	25.72338	urban	wd:Q21730920;pl:589822;gn:6692700					Obert's Violence on Crete	-450.0	Istron	23	-550
35.118566	25.72338	extra-urban sanctuary	pl:995604668					Obert's Violence on Crete	-650.0	Kato Syme	24	-1000
35.111016	25.867679	mortuary; domestic	pl:589860;gn:260362;wd:Q1737266					Obert's Violence on Crete	-650.0	Kavousi	25	-1100
35.40465	23.963011		pl:589863;wd:Q17624890					Obert's Violence on Crete	-100.0	Keraia	26	-300
35.16182086	24.5171537	urban	wd:Q21732141;gn:260252					Obert's Violence on Crete		Kerames	27	-724
35.495307	23.660727	mortuary	pl:589870;wd:Q1021629;gn:259718					Obert's Violence on Crete	-200.0	Kissamos	28	-800
35.297847	25.163106	mortuary	wd:Q173527;viaf:244070047;gnd:4031362-1;tgn:7010870;gn:259627;pl:589872					Obert's Violence on Crete	-200.0	Knossos	29	-1000
35.01323106	24.76082392	extra-urban sanctuary; sub-urban sanctuary; urban 	pl:589690;wd:Q788080					Obert's Violence on Crete	-600.0	Kommos	30	-1050
35.131247	24.674068		pl:589878					Obert's Violence on Crete		Kournas	31	-724
35.23096193	24.98366423	urban sanctuary	gn:258744;wd:Q640658					Obert's Violence on Crete	-600.0	Krousonas	32	-1200
35.515775	24.01869		pl:589886;wd:Q182299;viaf:131414778;gnd:4090320-5;wd:Q1481525;gn:260114					Obert's Violence on Crete	-200.0	Kydonia	33	-800
35.1785382	25.65567205	urban sanctuary	gn:408632;pl:589899;wd:Q1807000					Obert's Violence on Crete	-200.0	Lato	34	-600
35.2081	25.3682		wd:Q1001533;tgn:8713131;gnd:7632515-5;pl:589918;gn:251534;viaf:235264443					Obert's Violence on Crete	-450.0	Lyktos	35	-800
35.5437926	23.6128707		pl:589880					Obert's Violence on Crete		Maroneias	36	-724
35.16636545	25.98736856	mortuary						Obert's Violence on Crete	-700.0	Mouliana	37	-1300
35.03820171	25.57384846	urban						Obert's Violence on Crete	-700.0	Mythi	38	-1000
35.070797	25.714223	urban	pl:589957					Obert's Violence on Crete		Oleros	39	-724
37.63868719	21.63084369	mainland sanctuary	viaf:267044076;wd:Q38888;gnd:4043508-8;gn:264637;pl:570531					Obert's Violence on Crete	-450.0	Olympia	40	-650
35.27404854	24.50655206	urban						Obert's Violence on Crete	-575.0	Onythe	41	-600
35.1975776	26.2541749	extra-urban sanctuary	gn:256155;wd:Q941860;pl:213924739					Obert's Violence on Crete	-600.0	Palaikastro	42	-800
35.003313	25.07758	mortuary/sanctuary	pl:589727					Obert's Violence on Crete	-700.0	Panagia Kofina	43	-900
35.270349	24.587203	urban	pl:589851					Obert's Violence on Crete		Pantanassa	44	-724
35.051127	24.814575	urban sanctuary	bnf:11957273b;loc:sh95000221;pl:589987;wd:Q249707;viaf:315170181;gn:262531					Obert's Violence on Crete	-600.0	Phaistos	45	-800
35.5108965	23.57030765	urban	gn:8015071;wd:Q996836;pl:589989					Obert's Violence on Crete	-300.0	Phalasarna	46	-500
35.466785	23.657098		pl:590003;viaf:304957805;gnd:1037706366;gn:254906;wd:Q7226914					Obert's Violence on Crete	-200.0	Polyrrhenia	47	-300
35.141666	26.089695	urban sanctuary; sub-urban sanctuary	pl:590011					Obert's Violence on Crete	-100.0	Praisos	48	-700
35.168633	25.000922	urban sanctuary; mortuary; military fortification; urban	pl:589981					Obert's Violence on Crete	-200.0	Prinias	49	-700
35.17753478	26.14364446	extra-urban sanctuary						Obert's Violence on Crete	-525.0	Roussa Ekklesia	50	-575
35.23862026	23.96360513							Obert's Violence on Crete		Samaria Gorge	51	-724
35.30418345	25.29767242	extra-urban sanctuary						Obert's Violence on Crete		Skoteino cave	52	-724
35.33440462	25.11580984	extra-urban sanctuary						Obert's Violence on Crete		Sta Lenika	53	-724
35.2594353	24.6401007	urban	wd:Q2373578;pl:590063					Obert's Violence on Crete	-900.0	Sybrita	54	-1000
35.236215	23.970017		pl:590072;wd:Q354701					Obert's Violence on Crete	-300.0	Tarra	55	-350
36.42192145	27.37036921	mortuary	gn:252863;viaf:315125210;loc:n2015026767;gnd:4244754-9;wd:Q898718					Obert's Violence on Crete	-100.0	Tilos	56	-200
35.198677	26.12975288		pl:590001					Obert's Violence on Crete	-200.0	Trypetos	57	-300
35.2985026	25.02024971	urban sanctuary; mortuary	wd:Q56398956;pl:590084;gn:252864;wd:Q2707725					Obert's Violence on Crete	-450.0	Tylissos	58	-1250
35.120765	25.742098	urban sanctuary; sub-urban sanctuary; domestic; mortuary; urban	pl:590092;wd:Q15715778;viaf:248742020					Obert's Violence on Crete	-670.0	Vrokastro	59	-1200
35.03732283	26.22820658							Obert's Violence on Crete	-200.0	Xerokampos	60	-300
35.0980695	26.26125	mortuary	loc:sh2007010225;wd:Q27105787;pl:650881089;viaf:315164313					Obert's Violence on Crete	-700.0	Zakros	61	-800
