[{"model": "collection.collection", "pk": 1, "fields": {"owner": 2, "title": "Voyages of Ibn Batutta", "description": "Lorem ipsum dolor sit amet, consectetur adipiscing elit, sed do eiusmod tempor incididunt ut labore et dolore magna aliqua. Ut enim ad minim veniam, quis nostrud exercitation ullamco laboris nisi ut aliquip ex ea commodo consequat. Duis aute irure dolor in reprehenderit in voluptate velit esse cillum dolore eu fugiat nulla pariatur.", "keywords": "[\"could\", \"it\", \"be\"]", "rel_keywords": null, "creator": null, "contact": null, "webpage": null, "collection_class": "place", "image_file": "dummy_image.png", "file": "", "created": "2023-04-09T15:18:27.115", "status": "sandbox", "featured": 1, "public": true, "nominated": false, "nominate_date": null, "group": null, "submit_date": null, "datasets": [1, 2]}}, {"model": "collection.collection", "pk": 2, "fields": {"owner": 2, "title": "The Historical Middle East", "description": "Lorem ipsum dolor sit amet, consectetur adipiscing elit, sed do eiusmod tempor incididunt ut labore et dolore magna aliqua. Ut enim ad minim veniam, quis nostrud exercitation ullamco laboris nisi ut aliquip ex ea commodo consequat. Duis aute irure dolor in reprehenderit in voluptate velit esse cillum dolore eu fugiat nulla pariatur.", "keywords": "[\"so\", \"it\", \"goes\"]", "rel_keywords": null, "creator": null, "contact": null, "webpage": null, "collection_class": "dataset", "image_file": "dummy_image.png", "file": "", "created": "2023-04-09T15:18:27.115", "status": "sandbox", "featured": 2, "public": true, "nominated": false, "nominate_date": null, "group": null, "submit_date": null, "datasets": [1, 2]}}, {"model": "collection.collection", "pk": 3, "fields": {"owner": 4, "title": "Spanish Civil War Geography: Events and People", "description": "Between 1936 and 1939, the army of the Republican government of Spain and numerous allies fought against a revolutionary \"Nationalist\" group led by defecting generals, including Francisco Franco, and supported by Nazi Germany. Franco and the Nationalists ultimately won, and the resulting Fascist government remained in power until Franco's death in 1975.", "keywords": "[\"Spain\", \"civil war\", \"fascism\", \"anti-fascist\"]", "rel_keywords": "[\"battlefield\", \"locale\"]", "creator": null, "contact": null, "webpage": null, "collection_class": "place", "image_file": "collections/3/Sam_Grossner.jpg", "file": "", "created": "2023-04-09T15:44:54.455", "status": "reviewed", "featured": 1, "public": false, "nominated": true, "nominate_date": null, "group": 5, "submit_date": "2023-05-28T00:00:00", "datasets": [6]}}, {"model": "collection.collection", "pk": 4, "fields": {"owner": 5, "title": "Cain's Workshop Collection", "description": "In this scenario, a few people in a workshop are collaborating with Cain on this collection", "keywords": "[\"so\", \"it\", \"goes\"]", "rel_keywords": "[\"locale\", \"waypoint\", \"site of memory\"]", "creator": null, "contact": null, "webpage": null, "collection_class": "place", "image_file": "collections/4/de_mexican-day_nYs2Vnv.jpg", "file": "collections/4/Diaspora_of_Our_Ancestors_5He6xmv.pdf", "created": "2023-04-09T15:44:54.455", "status": "reviewed", "featured": 2, "public": false, "nominated": false, "nominate_date": null, "group": 20, "submit_date": "2023-05-26T00:00:00", "datasets": [6, 8]}}, {"model": "collection.collection", "pk": 6, "fields": {"owner": 5, "title": "Hardscrabble", "description": "The term 'hardscrabble' often refers to a type of terrain, but has been applied to place more generally and metaphorically, to a person's life or circumstances, as well as to other phenomena..", "keywords": "[\"action\", \"walkthrough\", \"relief\"]", "rel_keywords": "[\"event\", \"stayed\", \"waypoint\", \"mentioned\"]", "creator": null, "contact": null, "webpage": null, "collection_class": "place", "image_file": "collections/6/hardscrabble-road_8at4E8v.jpg", "file": "collections/6/Hardscrabble.pdf", "created": "2023-05-10T07:23:09.559", "status": "reviewed", "featured": null, "public": false, "nominated": true, "nominate_date": null, "group": 5, "submit_date": "2023-06-24T00:00:00", "datasets": [8, 6]}}, {"model": "collection.collection", "pk": 7, "fields": {"owner": 5, "title": "cain's test", "description": "zdfbvdf", "keywords": "[\"ewee\", \"we\"]", "rel_keywords": "[]", "creator": null, "contact": null, "webpage": null, "collection_class": "place", "image_file": "collections/7/memphis-egypt.jpg", "file": "", "created": "2023-05-14T09:33:13.992", "status": "sandbox", "featured": null, "public": false, "nominated": false, "nominate_date": null, "group": null, "submit_date": null, "datasets": [6, 8]}}, {"model": "collection.collection", "pk": 8, "fields": {"owner": 5, "title": "tester", "description": "Lorem ipsum dolor sit amet, consectetur adipiscing elit, sed do eiusmod tempor incididunt ut labore et dolore magna aliqua. Ac tortor vitae purus faucibus ornare suspendisse sed nisi. Faucibus purus in massa tempor nec feugiat nisl.", "keywords": "[\"who\", \"wants\", \"to\", \"know\"]", "rel_keywords": "[\"waypoint\", \"extended stop\", \"event\"]", "creator": null, "contact": null, "webpage": null, "collection_class": "place", "image_file": "collections/8/hardscrabble-harrisburg.jpg", "file": "", "created": "2023-06-15T10:21:40.820", "status": "sandbox", "featured": null, "public": false, "nominated": false, "nominate_date": null, "group": null, "submit_date": null, "datasets": [8]}}, {"model": "collection.collection", "pk": 10, "fields": {"owner": 5, "title": "Historical Gazetteer of Central Asia", "description": "Yuri Bregel's An Historical Atlas of Central Asia is the seed dataset for what will one day be an Historical Gazetteer of Central Asia assembled in WHG. It will be followed with datasets drawn from other historical sources from antiquity through the end of the Soviet era.", "keywords": "[\"Central Asia\", \"Eurasia\"]", "rel_keywords": "[]", "creator": null, "contact": null, "webpage": null, "collection_class": "dataset", "image_file": "collections/10/UZ_pomegranate120.jpg", "file": "collections/10/ShapesOfCentralAsia.pdf", "created": "2023-06-17T09:56:13.522", "status": "sandbox", "featured": null, "public": false, "nominated": false, "nominate_date": null, "group": null, "submit_date": null, "datasets": [10]}}, {"model": "collection.collplace", "pk": 454, "fields": {"collection": 6, "place": 758, "sequence": 2}}, {"model": "collection.collplace", "pk": 455, "fields": {"collection": 6, "place": 759, "sequence": 3}}, {"model": "collection.collplace", "pk": 456, "fields": {"collection": 6, "place": 760, "sequence": 1}}, {"model": "collection.collplace", "pk": 457, "fields": {"collection": 6, "place": 761, "sequence": 4}}, {"model": "collection.collplace", "pk": 458, "fields": {"collection": 6, "place": 762, "sequence": 5}}, {"model": "collection.collplace", "pk": 459, "fields": {"collection": 6, "place": 763, "sequence": 6}}, {"model": "collection.collplace", "pk": 460, "fields": {"collection": 6, "place": 764, "sequence": 7}}, {"model": "collection.collplace", "pk": 461, "fields": {"collection": 6, "place": 765, "sequence": 8}}, {"model": "collection.collplace", "pk": 462, "fields": {"collection": 6, "place": 766, "sequence": 9}}, {"model": "collection.collplace", "pk": 463, "fields": {"collection": 6, "place": 767, "sequence": 10}}, {"model": "collection.collplace", "pk": 464, "fields": {"collection": 6, "place": 768, "sequence": 11}}, {"model": "collection.collplace", "pk": 465, "fields": {"collection": 6, "place": 769, "sequence": 12}}, {"model": "collection.collplace", "pk": 466, "fields": {"collection": 6, "place": 770, "sequence": 13}}, {"model": "collection.collplace", "pk": 467, "fields": {"collection": 6, "place": 771, "sequence": 14}}, {"model": "collection.collplace", "pk": 468, "fields": {"collection": 6, "place": 772, "sequence": 15}}, {"model": "collection.collplace", "pk": 469, "fields": {"collection": 6, "place": 773, "sequence": 16}}, {"model": "collection.collplace", "pk": 470, "fields": {"collection": 6, "place": 774, "sequence": 17}}, {"model": "collection.collplace", "pk": 471, "fields": {"collection": 6, "place": 775, "sequence": 0}}, {"model": "collection.collplace", "pk": 472, "fields": {"collection": 6, "place": 776, "sequence": 18}}, {"model": "collection.collplace", "pk": 473, "fields": {"collection": 6, "place": 777, "sequence": 19}}, {"model": "collection.collplace", "pk": 474, "fields": {"collection": 6, "place": 728, "sequence": 20}}, {"model": "collection.collplace", "pk": 475, "fields": {"collection": 6, "place": 729, "sequence": 21}}, {"model": "collection.collplace", "pk": 476, "fields": {"collection": 6, "place": 730, "sequence": 22}}, {"model": "collection.collplace", "pk": 477, "fields": {"collection": 6, "place": 731, "sequence": 23}}, {"model": "collection.collplace", "pk": 478, "fields": {"collection": 6, "place": 732, "sequence": 24}}, {"model": "collection.collplace", "pk": 479, "fields": {"collection": 6, "place": 733, "sequence": 25}}, {"model": "collection.collplace", "pk": 480, "fields": {"collection": 6, "place": 734, "sequence": 26}}, {"model": "collection.collplace", "pk": 481, "fields": {"collection": 6, "place": 735, "sequence": 27}}, {"model": "collection.collplace", "pk": 482, "fields": {"collection": 6, "place": 736, "sequence": 28}}, {"model": "collection.collplace", "pk": 483, "fields": {"collection": 6, "place": 737, "sequence": 29}}, {"model": "collection.collectionuser", "pk": 7, "fields": {"collection": 4, "user": 4, "role": "member"}}, {"model": "collection.collectionuser", "pk": 8, "fields": {"collection": 6, "user": 4, "role": "member"}}, {"model": "collection.collectiongroup", "pk": 5, "fields": {"owner": 3, "title": "Ancestral Stories", "description": "Western hemisphere locations of migrant ancestor nationalities...sed lacus lacus, pulvinar sed dictum bibendum, eleifend non nisl. Duis rutrum in leo at volutpat. Sed in diam justo. Nunc facilisis suscipit dolor, non efficitur lectus mattis ut. Nam ut est non mi tempus porttitor. Sed eget magna ut mauris ultrices vehicula non non odio. Ut lorem purus, gravida eget bibendum quis, dapibus ut lacus. Phasellus felis dolor, accumsan ut leo at, ornare scelerisque dui. Nullam convallis est quis quam maximus, at vehicula sapien convallis. Vivamus volutpat massa eu lacus porta eleifend..", "keywords": "[\"diaspora\", \"ancestry\", \"stuff\"]", "file": "groups/5/Diaspora_of_Our_Ancestors.pdf", "type": "class", "gallery": true, "gallery_required": false, "created": "2023-04-09T15:10:53.130", "start_date": "2023-06-25T00:00:00", "due_date": "2023-06-29T00:00:00", "collections": []}}, {"model": "collection.collectiongroup", "pk": 20, "fields": {"owner": 3, "title": "Sage's Teacher Workshop", "description": "Testing, type=workshop", "keywords": "[\"spatial history\", \"narrative\"]", "file": "", "type": "workshop", "gallery": false, "gallery_required": false, "created": "2023-05-20T10:51:52.682", "start_date": "2023-01-01T00:00:00", "due_date": "2023-01-05T00:00:00", "collections": []}}, {"model": "collection.collectiongroup", "pk": 21, "fields": {"owner": 3, "title": "My New Class", "description": "Lorem ipsum", "keywords": "[\"journey\", \"travel\", \"nomadism\"]", "file": "", "type": "class", "gallery": false, "gallery_required": false, "created": "2023-06-24T11:29:38.466", "start_date": "2023-01-01T00:00:00", "due_date": "2023-01-01T00:00:00", "collections": []}}, {"model": "collection.collectiongroupuser", "pk": 1, "fields": {"collectiongroup": 5, "user": 4, "role": "normal"}}, {"model": "collection.collectiongroupuser", "pk": 5, "fields": {"collectiongroup": 5, "user": 6, "role": "normal"}}, {"model": "collection.collectiongroupuser", "pk": 11, "fields": {"collectiongroup": 5, "user": 5, "role": "normal"}}, {"model": "collection.collectiongroupuser", "pk": 18, "fields": {"collectiongroup": 5, "user": 29, "role": "normal"}}, {"model": "collection.collectiongroupuser", "pk": 19, "fields": {"collectiongroup": 5, "user": 30, "role": "normal"}}, {"model": "collection.collectiongroupuser", "pk": 60, "fields": {"collectiongroup": 5, "user": 35, "role": "normal"}}, {"model": "collection.collectiongroupuser", "pk": 61, "fields": {"collectiongroup": 5, "user": 36, "role": "normal"}}, {"model": "collection.collectiongroupuser", "pk": 67, "fields": {"collectiongroup": 20, "user": 5, "role": "normal"}}, {"model": "collection.collectiongroupuser", "pk": 68, "fields": {"collectiongroup": 20, "user": 41, "role": "normal"}}, {"model": "collection.collectiongroupuser", "pk": 69, "fields": {"collectiongroup": 20, "user": 36, "role": "normal"}}, {"model": "collection.collectiongroupuser", "pk": 70, "fields": {"collectiongroup": 20, "user": 38, "role": "normal"}}]