id	title	title_source	start	fclasses	end	title_uri	ccodes	variants	types	aat_types	matches	lon	lat	geowkt	geo_source	geo_id	description	parent_name	parent_id
717_1	Marienborch	Croniken	1480	P	1491		PL	Marienburg; Malbork	town; castle	300008375; 300008063				POINT(19.03797600030766901 54.03613199933293032)					
717_2	Eluinghen	Croniken	1480	P	1491		PL	Elbing; Elbląg	town; castle	300008375; 300008063				POINT(19.40427425018878083 54.15598902161654848)					
717_3	Lossen	Croniken	1480	P	1491		PL	Lessen; Łasin	town	300008375				POINT(19.08709099729979997 53.51936100136739327)					
10	Sampit	Broek	1602	P			ID		mine; settlement	300000390; 300008347	gn:1628884	112.9	-2.53			http://sws.geonames.org/1628884		Borneo, Indonesia	
11	Kuta Lingga	Broek	1602	P			MY		mine; settlement	300000390; 300008347									
12	Kuta Waringin	Broek	1602	P			ID		mine; settlement	300000390; 300008347									
13	Sambas	Broek	1602	P			ID		mine; settlement	300000390; 300008347	gn:1628979	109.3	1.333			http://sws.geonames.org/1628979		Borneo, Indonesia	
																			
																			
	QUICK START																		
	A. Remove everything below row 1, including this text and the legend to the right								required										
	B. Add some rows of your own data (note that columns A through D are required)								encouraged										
	"C. Upload it from the World Historical Gazetteer ""Add Dataset"" page"								optional										
	OR																		
	Just remove everything below Row 8 and proceed with step C																		
																			
	NOTES																		
	1. Allowed values and formats are outlined in the Format Guide sheet and detailed in this specification:									LP-TSV format (github)									
	2. You can safely delete any columns that have no data in them																		
	3. If you prefer to work with text files, copy the contents of rows 1-8 and paste into a text editor; resulting file is TSV																		
